track_name,artist(s)_name,released_year,released_month,released_day,in_spotify_charts,streams,bpm
Seven (feat. Latto) (Explicit Ver.),"Latto, Jung Kook",2023,7,14,147,141381703,125
LALA,Myke Towers,2023,3,23,48,133716286,92
vampire,Olivia Rodrigo,2023,6,30,113,140003974,138
Cruel Summer,Taylor Swift,2019,8,23,100,800840817,170
WHERE SHE GOES,Bad Bunny,2023,5,18,50,303236322,144
Sprinter,"Dave, Central Cee",2023,6,1,91,183706234,141
Ella Baila Sola,"Eslabon Armado, Peso Pluma",2023,3,16,50,725980112,148
Columbia,Quevedo,2023,7,7,43,58149378,100
fukumean,Gunna,2023,5,15,83,95217315,130
La Bebe - Remix,"Peso Pluma, Yng Lvcas",2023,3,17,44,553634067,170
un x100to,"Bad Bunny, Grupo Frontera",2023,4,17,40,505671438,83
Super Shy,NewJeans,2023,7,7,55,58255150,150
Flowers,Miley Cyrus,2023,1,12,115,1316855716,118
Daylight,David Kushner,2023,4,14,98,387570742,130
As It Was,Harry Styles,2022,3,31,130,2513188493,174
Kill Bill,SZA,2022,12,8,77,1163093654,89
Cupid - Twin Ver.,Fifty Fifty,2023,2,24,77,496795686,120
"What Was I Made For? [From The Motion Picture ""Barbie""]",Billie Eilish,2023,7,13,104,30546883,78
Classy 101,"Feid, Young Miko",2023,3,31,40,335222234,100
Like Crazy,Jimin,2023,3,24,68,363369738,120
LADY GAGA,"Gabito Ballesteros, Junior H, Peso Pluma",2023,6,22,26,86444842,140
I Can See You (Taylorï¿½ï¿½ï¿½s Version) (From The ,Taylor Swift,2023,7,7,38,52135248,123
I Wanna Be Yours,Arctic Monkeys,2013,1,1,110,1297026226,135
"Peso Pluma: Bzrp Music Sessions, Vol. 55","Bizarrap, Peso Pluma",2023,5,31,40,200647221,133
Popular (with Playboi Carti & Madonna) - The Idol Vol. 1 (Music from the HBO Original Series),"The Weeknd, Madonna, Playboi Carti",2023,6,2,87,115364561,99
SABOR FRESA,Fuerza Regida,2023,6,22,26,78300654,130
Calm Down (with Selena Gomez),"Rï¿½ï¿½ma, Selena G",2022,3,25,77,899183384,107
MOJABI GHOST,"Tainy, Bad Bunny",2023,6,29,40,61245289,122
Last Night,Morgan Wallen,2023,1,31,19,429829812,204
Dance The Night (From Barbie The Album),Dua Lipa,2023,5,25,101,127408954,110
Rush,Troye Sivan,2023,7,13,78,22581161,126
TULUM,"Peso Pluma, Grupo Frontera",2023,6,28,34,52294266,168
Creepin',"The Weeknd, 21 Savage, Metro Boomin",2022,12,2,88,843957510,98
Anti-Hero,Taylor Swift,2022,10,21,56,999748277,97
TQG,"Karol G, Shakira",2023,2,23,49,618990393,180
Los del Espacio,"Big One, Duki, Lit Killah, Maria Becerra, FMK, Rusherking, Emilia, Tiago pzk",2023,6,1,31,123122413,120
Frï¿½ï¿½gil (feat. Grupo Front,"Yahritza Y Su Esencia, Grupo Frontera",2023,4,7,34,188933502,150
Blank Space,Taylor Swift,2014,1,1,53,1355959075,96
Style,Taylor Swift,2014,1,1,42,786181836,95
TQM,Fuerza Regida,2023,5,19,28,176553476,125
El Azul,"Junior H, Peso Pluma",2023,2,10,25,354495408,144
Sunflower - Spider-Man: Into the Spider-Verse,"Post Malone, Swae Lee",2018,10,9,78,2808096550,90
I'm Good (Blue),"Bebe Rexha, David Guetta",2022,8,26,80,1109433169,128
See You Again,"Tyler, The Creator, Kali Uchis",2017,7,21,64,1047101291,79
Barbie World (with Aqua) [From Barbie The Album],"Nicki Minaj, Aqua, Ice Spice",2023,6,23,80,65156199,144
Angels Like You,Miley Cyrus,2020,11,27,19,570515054,122
I Ain't Worried,OneRepublic,2022,5,13,76,1085685420,140
Die For You,The Weeknd,2016,11,24,59,1647990401,134
Starboy,"The Weeknd, Daft Punk",2016,9,21,79,2565529693,186
Die For You - Remix,"Ariana Grande, The Weeknd",2023,2,24,47,518745108,67
El Cielo,"Feid, Myke Towers, Sky Rompiendo",2023,6,2,38,107753850,106
Baby Don't Hurt Me,"David Guetta, Anne-Marie, Coi Leray",2023,4,6,66,177740666,128
AMARGURA,Karol G,2023,2,24,39,153372011,107
(It Goes Like) Nanana - Edit,Peggy Gou,2023,6,15,59,57876440,130
Another Love,Tom Odell,2012,10,15,83,1813673666,123
Blinding Lights,The Weeknd,2019,11,29,69,3703895074,171
Moonlight,Kali Uchis,2023,2,24,42,256483385,137
La Bachata,Manuel Turizo,2022,5,26,45,1214083358,125
S91,Karol G,2023,7,14,41,16011326,128
cardigan,Taylor Swift,2020,7,24,29,812019557,130
Tï¿½ï¿,"dennis, MC Kevin o Chris",2023,5,4,15,111947664,130
Boy's a liar Pt. 2,"PinkPantheress, Ice Spice",2023,2,3,41,156338624,133
Left and Right (Feat. Jung Kook of BTS),"Charlie Puth, BTS, Jung Kook",2022,6,24,39,720434240,101
BESO,"Rauw Alejandro, ROSALï¿½",2023,3,24,50,357925728,95
Hey Mor,"Ozuna, Feid",2022,10,6,38,674072710,98
Yellow,Chris Molitor,1999,1,1,43,1755214421,173
Karma,Taylor Swift,2022,10,21,23,404562836,90
People,Libianca,2022,12,2,56,373199958,198
Overdrive,Post Malone,2023,7,14,36,14780425,140
Enchanted (Taylor's Version),Taylor Swift,2023,7,7,24,39578178,82
BABY HELLO,"Rauw Alejandro, Bizarrap",2023,6,23,35,54266102,130
Heat Waves,Glass Animals,2020,6,28,63,2557975762,81
golden hour,JVKE,2022,7,15,36,751134527,94
Sweater Weather,The Neighbourhood,2012,5,14,61,2282771485,124
"Quevedo: Bzrp Music Sessions, Vol. 52","Bizarrap, Quevedo",2022,7,6,45,1356565093,128
Viva La Vida,Coldplay,2008,1,1,62,1592909789,138
Here With Me,d4vd,2022,7,17,23,635412045,132
Unholy (feat. Kim Petras),"Sam Smith, Kim Petras",2022,9,22,42,1230675890,131
Yandel 150,"Yandel, Feid",2022,12,20,38,585695368,168
CORAZï¿½ï¿½N VA,Maria Becerra,2023,6,22,20,43857627,98
Riptide,Vance Joy,1975,1,1,55,2009094673,102
Until I Found You (with Em Beihold) - Em Beihold Version,"Em Beihold, Stephen Sanchez",2022,4,22,30,600976848,101
Novidade na ï¿½ï¿,"Mc Livinho, DJ Matt D",2023,6,23,9,39709092,130
Back To December (Taylor's Version),Taylor Swift,2023,7,7,17,39228929,142
STAY (with Justin Bieber),"Justin Bieber, The Kid Laroi",2021,7,9,36,2665343922,170
El Merengue,"Marshmello, Manuel Turizo",2023,3,3,44,223633238,124
Someone You Loved,Lewis Capaldi,2018,11,8,53,2887241814,110
Me Porto Bonito,"Chencho Corleone, Bad Bunny",2022,5,6,43,1440757818,92
Makeba,Jain,2015,6,22,53,165484133,116
MONTAGEM - FR PUNK,"Ayparia, unxbected",2012,6,20,50,58054811,129
Fast Car,Luke Combs,2023,3,24,12,157058870,98
What It Is (Solo Version),Doechii,2023,3,17,25,95131998,172
Coco Chanel,"Bad Bunny, Eladio Carrion",2023,3,17,38,250305248,150
Donï¿½ï¿½ï¿½t Bl,Taylor Swift,2017,11,8,23,685032533,136
Still With You,Jung Kook,2020,6,5,39,38411956,88
All My Life (feat. J. Cole),"J. Cole, Lil Durk",2023,5,12,23,144565150,143
Say Yes To Heaven,Lana Del Rey,2023,3,17,46,127567540,100
Snooze,SZA,2022,12,9,25,399686758,143
Summertime Sadness,Lana Del Rey,2011,1,1,52,983637508,112
Take Two,BTS,2023,6,9,47,118482347,93
Lover,Taylor Swift,2012,1,1,23,882831184,206
Too Many Nights (feat. Don Toliver & with Future),"Future, Metro Boomin, Don Toliver",2022,12,2,58,286400165,88
Chemical,Post Malone,2023,4,14,39,172825906,170
Mockingbird,Eminem,2004,1,1,61,1241559043,84
New Jeans,NewJeans,2023,7,7,35,29562220,134
Primera Cita,Carin Leon,2022,4,20,27,77309611,158
Cold Heart - PNAU Remix,"Dua Lipa, Elton John, Pnau",2017,11,10,52,1605224506,116
Dandelions,Ruth B.,2017,4,28,21,1116995633,117
Bones,Imagine Dragons,2021,3,11,44,838079900,114
Set Fire to the Rain,Adele,2011,1,1,43,1163620694,108
Money Trees,"Kendrick Lamar, Jay Rock",2012,1,1,32,1093605526,144
Tak Segampang Itu,Anggi Marito,2022,12,2,6,179659294,130
LAGUNAS,"Jasiel Nuï¿½ï¿½ez, Peso P",2023,6,22,18,39058561,116
Mine (Taylor's Version),Taylor Swift,2023,7,7,15,36912123,121
Everybody Wants To Rule The World,Tears For Fears,1985,2,17,25,1205951614,112
No Role Modelz,J. Cole,2014,12,9,36,1791000570,100
Tattoo,Loreen,2023,2,25,59,201660859,150
Rara Vez,"Taiu, Milo j",2023,2,8,38,248088961,120
VAGABUNDO,"Sebastian Yatra, Manuel Turizo, Beï¿½ï",2023,5,12,34,90839753,127
august,Taylor Swift,2020,7,24,22,607123776,90
LUNA,"Junior H, Peso Pluma",2023,6,22,11,55842345,128
Miracle (with Ellie Goulding),"Calvin Harris, Ellie Goulding",2023,3,10,48,211050784,143
Nonsense,Sabrina Carpenter,2022,7,15,27,342897938,139
Que Vuelvas,"Carin Leon, Grupo Frontera",2022,12,9,26,2762,162
Por las Noches,Peso Pluma,2021,6,11,24,330346424,92
Feliz Cumpleaï¿½ï¿½os Fe,Feid,2022,8,19,38,601863821,95
Can't Hold Us (feat. Ray Dalton),"Ray Dalton, Ryan Lewis, Macklemore",2011,8,16,52,1953533826,146
Watermelon Sugar,Harry Styles,2019,11,17,34,2322580122,95
lovely - Bonus Track,"Billie Eilish, Khalid",2017,8,11,30,2355719893,115
"Rauw Alejandro: Bzrp Music Sessions, Vol. 56","Rauw Alejandro, Bizarrap",2023,6,21,32,66902503,128
Queencard,(G)I-DLE,2023,5,15,33,96273746,130
OMG,NewJeans,2023,1,2,27,430977451,127
Radio,Lana Del Rey,2011,1,1,46,284819874,150
"Shakira: Bzrp Music Sessions, Vol. 53","Shakira, Bizarrap",2023,1,11,44,721975598,122
505,Arctic Monkeys,2007,4,20,25,1217120710,140
"Calling (Spider-Man: Across the Spider-Verse) (Metro Boomin & Swae Lee, NAV, feat. A Boogie Wit da Hoodie)","Swae Lee, A Boogie Wit da Hoodie, Metro Boomin, NAV",2023,6,2,16,109276132,140
Trance (with Travis Scott & Young Thug),"Travis Scott, Young Thug, Metro Boomin",2022,12,2,46,276259178,119
"Tere Vaaste (From ""Zara Hatke Zara Bachke"")","Sachin-Jigar, Shadab Faridi, Altamash Faridi, Amitabh Bhattacharya, Varun Jain",2023,5,22,8,54225632,110
Perfect,Ed Sheeran,2017,1,1,13,2559529074,95
Romantic Homicide,d4vd,2022,7,20,23,681583126,132
Believer,Imagine Dragons,2017,1,31,23,2594040133,125
Novo Balanï¿½,"Veigh, Bvga Beatz, Supernova Ent, Prod Malax",2023,5,19,7,81102253,124
"Gol Bolinha, Gol Quadrado 2","Mc Pedrinho, DJ 900",2023,6,1,8,11956641,133
Without Me,Eminem,2002,1,1,43,1687664027,112
QUEMA,"Sog, Ryan Castro, Peso Pluma",2023,7,13,31,11599388,97
Stargirl Interlude,"The Weeknd, Lana Del Rey",2016,11,24,32,611700552,90
Ojitos Lindos,"Bomba Estï¿½ï¿½reo, Bad B",2022,5,6,38,1133865788,80
Somewhere Only We Know,Keane,2004,1,1,16,1089402494,172
Those Eyes,New West,2019,5,10,14,411747614,120
El Gordo Trae El Mando,Chino Pacas,2023,1,27,21,255932395,140
Mi Bello Angel,Natanael Cano,2023,6,30,8,31873544,128
Bye,Peso Pluma,2023,5,26,14,95053634,122
Danza Kuduro,"Don Omar, Lucenzo",2010,1,1,37,1279434863,130
Nosso Quadro,"Ana Castela, AgroPlay",2023,2,2,9,233801632,160
Locked Out Of Heaven,Bruno Mars,2012,12,5,9,1481349984,144
Un Finde | CROSSOVER #2,"Big One, FMK, Ke personajes",2023,4,4,14,142095275,192
Jimmy Cooks (feat. 21 Savage),"Drake, 21 Savage",2022,6,17,27,618885532,163
Counting Stars,OneRepublic,2013,1,1,43,2011464183,122
Ghost,Justin Bieber,2021,3,19,24,1167330737,154
Under The Influence,Chris Brown,2019,10,4,26,929964809,117
PRC,"Natanael Cano, Peso Pluma",2023,1,23,26,436027885,138
Gasolina,Daddy Yankee,2004,7,13,18,657723613,96
One Dance,"Drake, WizKid, Kyla",2016,4,4,24,2713922350,104
Enchanted,Taylor Swift,2010,1,1,16,621660989,164
Save Your Tears,The Weeknd,2020,3,20,13,1591223784,118
Sure Thing,Miguel,2010,5,25,19,950906471,81
Every Breath You Take - Remastered 2003,The Police,1983,1,6,19,1593270737,117
The Night We Met,Lord Huron,2015,2,2,35,1410088830,174
We Found Love,"Rihanna, Calvin Harris",2011,1,1,21,1235005533,128
When I Was Your Man,Bruno Mars,2012,12,5,11,1661187319,145
Let Me Down Slowly,Alec Benjamin,2018,5,25,19,1374581173,150
"Am I Dreaming (Metro Boomin & A$AP Rocky, Roisee)","A$AP Rocky, Metro Boomin, Roisee",2023,6,2,16,94186466,90
Do I Wanna Know?,Arctic Monkeys,2013,1,1,26,1788326445,85
Demons,Imagine Dragons,2012,1,1,13,1840364617,180
ýýýýýýýýýýýý,YOASOBI,2023,4,12,16,143573775,166
Reminder,The Weeknd,2016,11,25,17,684675814,160
Shake It Off,Taylor Swift,2014,1,1,13,1113838873,160
Why'd You Only Call Me When You're High?,Arctic Monkeys,2013,1,1,29,1267333350,92
SNAP,Rosa Linn,2022,3,19,18,726307468,170
Shape of You,Ed Sheeran,2017,1,6,10,3562543890,96
Night Changes,One Direction,2014,11,17,18,1131090940,120
Fin de Semana,"Oscar Maydon, Junior H",2023,1,13,14,307370144,98
Creep,Radiohead,1992,9,21,7,1271293243,92
Car's Outside,James Arthur,2019,10,18,10,265882712,150
Apocalypse,Cigarettes After Sex,2017,3,21,17,841749534,94
Cheques,Shubh,2023,5,19,8,47956378,90
Pink + White,Frank Ocean,2016,8,20,30,806397070,160
Circles,Post Malone,2019,8,30,16,2132335812,120
Just The Way You Are,Bruno Mars,2010,1,1,13,1641426668,109
Take Me To Church,Hozier,2013,9,13,31,2135158446,129
Bebe Dame,"Fuerza Regida, Grupo Frontera",2022,12,16,22,367316268,157
You Belong With Me (Taylorï¿½ï¿½ï¿½s Ve,Taylor Swift,2021,4,9,12,350381515,130
Titi Me Preguntï¿,Bad Bunny,2022,5,6,42,1264310836,107
Better Than Revenge (Taylor's Version),Taylor Swift,2023,7,7,11,30343206,146
Shut up My Moms Calling,Hotel Ugly,2020,2,10,14,405136812,139
Have You Ever Seen The Rain?,Creedence Clearwater Revival,1968,7,1,14,1145727611,116
Es un Secreto,Plan B,2010,7,20,36,540654286,95
POLARIS - Remix,"Feid, Mora, Saiko, Quevedo",2023,6,8,33,57312735,170
Ditto,NewJeans,2022,12,19,22,397582059,134
Take On Me,a-ha,1984,10,19,17,1479115056,84
"Annihilate (Spider-Man: Across the Spider-Verse) (Metro Boomin & Swae Lee, Lil Wayne, Offset)","Swae Lee, Lil Wayne, Offset, Metro Boomin",2023,6,2,4,86773632,146
"Angel Pt 1 (feat. Jimin of BTS, JVKE & Muni Long)","Kodak Black, NLE Choppa, Muni Long, JVKE, Jimin",2023,5,1,14,133753727,74
Acrï¿½ï¿½s,Shakira,2023,5,11,29,123124076,144
AMG,"Natanael Cano, Gabito Ballesteros, Peso Pluma",2022,11,24,19,463564958,136
"Phir Aur Kya Chahiye (From ""Zara Hatke Zara Bachke"")","Arijit Singh, Sachin-Jigar, Amitabha Bhattacharya",2023,5,15,6,64533040,100
S-Class,Stray Kids,2023,6,2,19,65496046,105
Hits Different,Taylor Swift,2023,5,26,0,68616963,106
Chanel,"Becky G, Peso Pluma",2023,3,30,10,161460990,132
Self Love (Spider-Man: Across the Spider-Verse) (Metro Boomin & Coi Leray),"Metro Boomin, Coi Leray",2023,6,2,5,70106975,120
Area Codes,"Kaliii, Kaliii",2023,3,17,13,113509496,155
Abcdario,"Junior H, Eden Muï¿½ï",2023,5,13,5,89933133,129
Obsessed,"Abhijay Sharma, Riar Saab",2022,9,29,6,71007139,135
Piï¿½ï¿½man Deï¿,"Semicenk, Doï¿½ï¿½u ",2023,6,2,3,43522589,98
FLOWER,JISOO,2023,3,31,18,232896922,124
"All The Way Live (Spider-Man: Across the Spider-Verse) (Metro Boomin & Future, Lil Uzi Vert)","Future, Lil Uzi Vert, Metro Boomin",2023,6,2,0,37126685,135
Eyes Closed,Ed Sheeran,2023,3,23,30,195576623,107
Escapism.,"RAYE, 070 Shake",2022,10,12,25,532336353,96
La Jumpa,"Arcangel, Bad Bunny",2022,11,30,34,538115192,123
Karma (feat. Ice Spice),"Taylor Swift, Ice Spice",2023,5,26,0,46142772,90
Superhero (Heroes & Villains) [with Future & Chris Brown],"Future, Chris Brown, Metro Boomin",2022,12,2,16,401036314,117
Las Morras,"BLESSD, Peso Pluma",2023,4,4,8,127026613,133
CHORRITO PA LAS ANIMAS,Feid,2022,12,2,36,345031710,96
Ch y la Pizza,"Fuerza Regida, Natanael Cano",2022,12,1,10,288101651,149
Snow On The Beach (feat. More Lana Del Rey),"Lana Del Rey, Taylor Swift",2023,5,26,2,60350538,110
Players,Coi Leray,2022,11,30,6,335074782,105
Bite Me,ENHYPEN,2023,5,22,69,76767396,105
Stand By Me (feat. Morgan Wallen),"Lil Durk, Morgan Wallen",2023,5,26,5,46065667,134
Normal,Feid,2022,7,8,36,459276435,170
Hummingbird (Metro Boomin & James Blake),"James Blake, Metro Boomin",2023,6,2,1,39666245,81
Seu Brilho Sumiu - Ao Vivo,"Israel & Rodolffo, Mari Fernandez",2023,3,1,5,138517666,154
Bad Habit,Steve Lacy,2022,6,29,12,822633917,169
CUFF IT,Beyoncï¿,2022,7,29,10,595900742,115
Lilith (feat. SUGA of BTS) (Diablo IV Anthem),"Halsey, Suga",2023,6,5,6,51985779,84
69,"Nicky Jam, Feid",2023,5,18,22,57945987,93
Niï¿½ï¿½a Bo,"Sean Paul, Feid",2023,4,21,34,115010040,91
Search & Rescue,Drake,2023,4,7,6,175097833,142
AMERICA HAS A PROBLEM (feat. Kendrick Lamar),"Kendrick Lamar, Beyoncï¿",2023,5,19,0,57089066,126
Lavender Haze,Taylor Swift,2022,10,21,8,488386797,97
"Link Up (Metro Boomin & Don Toliver, Wizkid feat. BEAM & Toian) - Spider-Verse Remix (Spider-Man: Across the Spider-Verse )","WizKid, Toian, Metro Boomin, Don Toliver, Beam",2023,6,2,0,32761689,101
Efecto,Bad Bunny,2022,5,6,33,1047480053,98
Erro Gostoso - Ao Vivo,Simone Mendes,2023,1,27,5,153454328,154
Cupido,Tini,2023,2,14,24,217672943,120
Just Wanna Rock,Lil Uzi Vert,2022,10,17,13,457184829,150
Unstoppable,Sia,2016,1,21,13,939844851,174
Until I Found You,Stephen Sanchez,2021,9,1,4,726434358,202
Rich Flex,"Drake, 21 Savage",2022,11,4,18,573633020,153
Easy On Me,Adele,2021,10,14,20,1406111294,142
Cartï¿½ï¿½o B,"MC Caverinha, KayBlack",2023,5,11,4,71573339,108
Danger (Spider) (Offset & JID),"Offset, JID",2023,6,2,0,24975653,143
Oi Balde - Ao Vivo,Zï¿½ï¿½ Neto & Crist,2023,2,14,2,145458418,108
The Real Slim Shady,Eminem,2000,1,1,27,1424589568,104
MERCHO,"Migrantes, LiL CaKe, Nico Valdi",2022,12,16,20,231332117,93
The Color Violet,Tory Lanez,2021,12,10,32,415932686,105
Glimpse of Us,Joji,2022,6,10,6,988515741,170
Mejor Que Yo,"Mambo Kingz, DJ Luian, Anuel Aa",2023,5,4,1,50847624,178
Curtains,Ed Sheeran,2023,5,5,0,39893489,176
UNFORGIVEN (feat. Nile Rodgers),"Nile Rodgers, LE SSERAFIM",2023,5,1,13,92035115,104
Haegeum,Agust D,2023,4,21,12,118810253,85
Conexï¿½ï¿½es de Mï¿½ï¿½fia (feat. Rich ,"Rich The Kid, Matuï¿",2023,4,30,4,77233241,117
MIENTRAS ME CURO DEL CORA,Karol G,2023,2,24,35,206399629,80
Never Felt So Alone,Labrinth,2023,4,7,3,117747907,98
X SI VOLVEMOS,"Karol G, Romeo Santos",2023,2,2,33,266624541,178
ceilings,Lizzy McAlpine,2022,4,8,9,293186992,148
Cupid,Fifty Fifty,2023,2,24,10,139681964,120
I AM,IVE,2023,4,10,15,123132751,122
Cupid ï¿½ï¿½ï¿½ Twin Ver. (FIFTY FIFTY) ï¿½ï¿½ï¿½ Spe,sped up 8282,1997,1,1,2,103762518,144
Shorty Party,"Cartel De Santa, La Kelly",2023,3,4,12,162887075,96
Super,SEVENTEEN,2023,4,24,12,91221625,137
Slut Me Out,NLE Choppa,2022,4,22,4,190490915,121
Double Fantasy (with Future),"The Weeknd, Future",2023,4,21,0,96180277,119
All Of The Girls You Loved Before,Taylor Swift,2019,8,23,6,185240616,96
PROVENZA,Karol G,2022,4,21,34,885093467,111
Princess Diana (with Nicki Minaj),"Nicki Minaj, Ice Spice",2023,4,14,4,104992946,148
Di Que Si,"Grupo Marca Registrada, Grupo Frontera",2023,2,3,10,147290338,182
Shivers,Ed Sheeran,2021,9,9,30,1302184087,141
Igualito a Mi Apï¿,"Fuerza Regida, Peso Pluma",2022,12,30,6,158950978,145
Shoong! (feat. LISA of BLACKPINK),"TAEYANG, Lisa",2023,4,25,9,76910644,110
Komang,Raim Laode,2022,8,16,4,137123880,134
DESPECHï¿,ROSALï¿½,2022,7,28,33,782369383,130
Made You Look,Meghan Trainor,2022,10,21,6,502574952,145
Watch This - ARIZONATEARS Pluggnb Remix,"sped up nightcore, ARIZONATEARS, Lil Uzi Vert",2023,2,5,10,207033255,130
No Se Va,Grupo Frontera,2022,4,28,18,404887295,173
Punto G,Quevedo,2022,11,4,35,381161027,92
Lovers Rock,TV Girl,2014,6,5,13,466231982,105
METAMORPHOSIS,INTERWORLD,2021,11,25,24,357580552,175
Mami Chula,"Quevedo, Jhayco",2023,4,27,4,61105704,120
En Paris,"El Chachito, Junior H",2022,12,24,5,198275403,139
Set Me Free Pt.2,Jimin,2023,3,17,13,168448603,132
I Was Never There,"The Weeknd, Gesaffelstein",2018,3,29,15,705469769,114
Don't ever say love me (feat. RM of BTS),"RM, Colde",2023,5,4,0,34502215,145
Shut Down,BLACKPINK,2022,9,16,17,482175240,110
Gato de Noche,"Nengo Flow, Bad Bunny",2022,12,22,30,304118600,94
Call Out My Name,The Weeknd,2018,3,29,6,1449799467,134
Like Crazy (English Version),Jimin,2023,3,24,19,173627354,120
Rosa Pastel,"Jasiel Nuï¿½ï¿½ez, Peso P",2023,2,2,4,90025258,123
Sunroof,"Nicky Youre, Dazy",2021,12,3,17,652704649,131
Lose Yourself - Soundtrack Version,Eminem,2002,1,1,21,1829992958,171
Superman,"Eminem, Dina Rae",2002,5,26,14,655466831,130
Mas Rica Que Ayer,"Mambo Kingz, DJ Luian, Anuel Aa",2023,3,2,34,146409671,94
People Pt.2 (feat. IU),"IU, Agust D",2023,4,7,4,95816024,89
REMIX EXCLUSIVO,Feid,2023,3,17,9,117206995,87
"Arcï¿½ï¿½ngel: Bzrp Music Sessions, Vol","Arcangel, Bizarrap",2023,3,22,3,100409613,124
DOGTOOTH,"Tyler, The Creator",2023,3,27,0,80758350,78
10:35,"Tiï¿½ï¿½sto, Tate M",2022,11,1,26,325592432,120
SORRY NOT SORRY,"Tyler, The Creator",2023,3,31,0,58473276,96
HAPPY,NF,2023,3,25,0,52722996,106
La Bebe,Yng Lvcas,2021,12,24,17,191945597,170
I Know - PR1SVX Edit,"Kanii, PR1ISVX",2023,3,24,0,77377503,134
Late Night Talking,Harry Styles,2022,5,20,8,743693613,115
Leï¿½,Marï¿½ï¿½lia Mendo,2022,12,9,4,267789608,130
Save Your Tears (with Ariana Grande) (Remix),"Ariana Grande, The Weeknd",2020,3,20,5,1221813483,118
Something in the Orange,Zach Bryan,2022,4,22,12,449701773,110
VOID,Melanie Martinez,2023,3,29,0,67070410,100
Dijeron Que No La Iba Lograr,"Fuerza Regida, Chino Pacas",2023,3,14,6,116334601,142
Midnight Rain,Taylor Swift,2022,10,21,4,433356509,140
If We Ever Broke Up,Mae Stephens,2023,2,10,4,165584767,116
You Proof,Morgan Wallen,2022,5,13,9,367814306,120
LA INOCENTE,"Feid, Mora",2022,4,1,37,477033549,92
Malas Decisiones,Kenia OS,2022,10,26,2,156214700,110
Murder In My Mind,Kordhell,2022,1,21,20,448843705,120
Gangsta's Paradise,"Coolio, L.V.",1995,7,11,17,1357608774,80
CAIRO,"Karol G, Ovy On The Drums",2022,11,13,26,294352144,115
I Love You So,The Walters,2014,11,28,7,972164968,76
Dark Red,Steve Lacy,2017,2,20,7,920045682,172
Say You Won't Let Go,James Arthur,2016,9,9,16,2420461338,99
The Hills,The Weeknd,2015,5,27,4,1947371785,136
Heart To Heart,Mac DeMarco,2019,5,10,0,244658767,150
Peaches (from The Super Mario Bros. Movie),Jack Black,2023,4,7,0,68216992,92
Marisola - Remix,"Duki, NICKI NICOLE, Cris Mj, Standly, Stars Music Chile",2022,12,15,16,223582566,95
LOKERA,"Brray, Rauw Alejandro, Lyanno",2022,7,25,30,471819764,102
Low,SZA,2022,12,9,0,272377463,145
Numb,Linkin Park,2003,3,24,5,1361425037,110
Tormenta (feat. Bad Bunny),"Gorillaz, Bad Bunny",2023,2,24,0,149778242,95
on the street (with J. Cole),"j-hope, J. Cole",2023,3,3,2,116599790,94
One Thing At A Time,Morgan Wallen,2022,12,2,4,148469433,142
Miss You,"Robin Schulz, Oliver Tree",2022,8,5,10,497225336,145
Ainï¿½ï¿½ï¿½t Tha,Morgan Wallen,2023,3,3,4,88791109,121
Thinkinï¿½ï¿½ï¿½ B,Morgan Wallen,2023,3,3,6,125917280,140
Private Landing (feat. Justin Bieber & Future),"Don Toliver, Future, Justin Bieber",2023,2,23,0,105062254,137
Everything I Love,Morgan Wallen,2023,1,31,0,95623148,104
Heaven,Niall Horan,2023,2,17,2,144584800,92
LET GO,Central Cee,2022,12,15,20,298063749,146
Sial,Mahalini,2023,1,23,4,166570053,120
I Wrote The Book,Morgan Wallen,2023,1,31,0,83021468,144
"Apna Bana Le (From ""Bhediya"")","Arijit Singh, Sachin-Jigar",2022,11,5,0,139836056,94
SPIT IN MY FACE!,ThxSoMch,2022,10,31,14,303216294,94
PLAYA DEL INGLï¿½,"Myke Towers, Quevedo",2022,12,15,15,221409663,113
Man Made A Bar (feat. Eric Church),"Morgan Wallen, Eric Church",2023,3,3,0,58890931,148
Red Ruby Da Sleeze,Nicki Minaj,2023,3,3,0,81419389,98
Kahani Suno 2.0,Kaifi Khalil,2022,5,31,6,156777415,140
Nobody Gets Me,SZA,2022,12,9,6,284908316,100
PERO Tï¿,"Karol G, Quevedo",2023,2,23,11,93438910,140
Hype Boy,NewJeans,2022,8,1,17,363472647,100
Bloody Mary,Lady Gaga,2011,1,1,0,372476382,100
Monotonï¿½,"Ozuna, Shakira",2022,10,19,15,380726517,132
ýýý98 Braves,Morgan Wallen,2023,3,3,0,56533272,142
WANDA,Quevedo,2023,1,20,22,175399345,176
Thought You Should Know,Morgan Wallen,2022,5,6,4,203221468,140
In The End,Linkin Park,2000,10,24,6,1624165576,105
Zona De Perigo,Leo Santana,2022,12,8,4,134294498,135
Lovezinho,Treyce,2022,7,28,0,70069745,128
I Like You (A Happier Song) (with Doja Cat),"Post Malone, Doja Cat",2022,6,3,14,609293408,101
Neverita,Bad Bunny,2022,5,6,30,671365962,122
Vista Al Mar,Quevedo,2022,9,8,34,362361576,105
Sem Alianï¿½ï¿½a no ,"MC Xenon, Os Gemeos da Putaria",2022,12,23,4,93587665,83
Enemy (with JID) - from the series Arcane League of Legends,"Imagine Dragons, League of Legends, JID, Arcane",2021,9,3,7,1223481149,77
Revenge,XXXTENTACION,2017,8,25,11,1022258230,140
Bombonzinho - Ao Vivo,"Israel & Rodolffo, Ana Castela",2022,11,3,6,263453310,158
LA CANCIï¿½,"J Balvin, Bad Bunny",2019,6,28,31,1435127549,176
Quï¿½ï¿½ Ago,"Yuridia, Angela Aguilar",2022,10,20,15,236857112,98
Love Again,The Kid Laroi,2023,1,27,0,147538971,107
After Hours,The Weeknd,2020,2,19,6,698086140,109
About Damn Time,Lizzo,2022,7,15,2,723894473,109
Born With A Beer In My Hand,Morgan Wallen,2023,3,3,0,34450974,148
ýýýýýýýýýýýýýýýýýýýýý,Fujii Kaze,2020,5,20,14,403097450,158
Besos Moja2,"Wisin & Yandel, ROSALï¿½",2022,9,29,13,309483971,94
Maan Meri Jaan,King,2022,10,12,6,319566866,96
Moscow Mule,Bad Bunny,2022,5,6,33,909001996,100
My Universe,"Coldplay, BTS",2021,9,24,13,1061966512,105
Devil Donï¿½ï¿½ï¿½,Morgan Wallen,2023,3,3,0,32526947,125
LLYLM,ROSALï¿½,2023,1,27,0,124988687,170
I'm Not Here To Make Friends,"Sam Smith, Calvin Harris, Jessie Reyez",2023,1,27,0,103787664,115
TRUSTFALL,P!nk,2023,1,27,16,134255790,122
ANTIFRAGILE,LE SSERAFIM,2022,10,17,12,301051721,105
Boy's a liar,PinkPantheress,2022,11,30,0,156338624,133
VIBE (feat. Jimin of BTS),"TAEYANG, Jimin",2023,1,13,2,152850295,100
Shirt,SZA,2022,10,28,0,309653982,120
Lift Me Up - From Black Panther: Wakanda Forever - Music From and Inspired By,Rihanna,2022,10,28,0,297328960,177
STAR WALKIN' (League of Legends Worlds Anthem),Lil Nas X,2022,9,22,0,332506354,142
"Sex, Drugs, Etc.",Beach Weather,2016,11,4,16,480507035,144
Boy With Luv (feat. Halsey),"Halsey, BTS",2019,4,12,0,1065580332,120
"Hey, Mickey!",Baby Tate,2016,9,27,0,122763672,135
Calm Down,Rï¿½ï,2022,2,9,10,445763624,107
Jhoome Jo Pathaan,"Arijit Singh, Vishal Dadlani, Sukriti Kakar, Vishal-Shekhar, Shekhar Ravjiani, Kumaar",2022,12,22,4,1365184,105
Escapism. - Sped Up,"RAYE, 070 Shake",2022,11,25,0,184308753,108
Space Song,Beach House,2015,1,1,4,789753877,147
Dreamers [Music from the FIFA World Cup Qatar 2022 Official Soundtrack],"BTS, Jung Kook, FIFA Sound",2022,11,20,20,323358833,115
Te Felicito,"Shakira, Rauw Alejandro",2022,4,21,9,606361689,174
Muï¿½ï¿½,"Steve Aoki, Tini, La Joaqui",2023,1,12,6,120972253,90
TV,Billie Eilish,2022,7,21,2,338564981,141
I'm Not The Only One,Sam Smith,2014,1,1,3,1606986953,82
Heather,Conan Gray,2020,3,20,7,1301799902,92
"Besharam Rang (From ""Pathaan"")","Vishal-Shekhar, Shilpa Rao, Caralisa Monteiro, Kumaar, Vishal Dadlani, Shekhar Ravjiani",2022,12,12,4,140187018,116
One Kiss (with Dua Lipa),"Calvin Harris, Dua Lipa",2017,6,2,10,1897517891,124
Sugar Rush Ride,TOMORROW X TOGETHER,2023,1,27,0,107642809,125
Pink Venom,BLACKPINK,2022,8,19,16,551305895,90
WAIT FOR U (feat. Drake & Tems),"Drake, Future, Tems",2022,4,27,14,556585270,83
Don't Start Now,Dua Lipa,2019,10,31,0,2303033973,124
After Dark,Mr.Kitty,2014,8,8,14,646886885,140
Eu Gosto Assim - Ao Vivo,"Gustavo Mioto, Mari Fernandez",2022,9,16,4,222612678,154
INDUSTRY BABY (feat. Jack Harlow),"Jack Harlow, Lil Nas X",2021,7,23,0,1814349763,150
MIDDLE OF THE NIGHT,Elley Duhï¿,2020,1,10,8,872137015,186
Atlantis,Seafret,2015,4,22,6,571386359,166
PUNTO 40,"Baby Rasta, Rauw Alejandro",2022,9,22,12,304079786,107
Evoque Prata,"DJ Escobar, MC MENOR SG, MC MENOR HR",2022,9,9,0,174006928,87
How Do I Say Goodbye,Dean Lewis,2022,8,5,15,284785823,82
Blind,SZA,2022,12,9,0,163284000,114
Doja,Central Cee,2022,7,20,44,482257456,140
Gatita,Bellakath,2022,10,3,0,168684524,101
Rumble,"Skrillex, Flowdan, Fred again..",2022,1,17,0,78489819,140
Niagara Falls (Foot or 2) [with Travis Scott & 21 Savage],"Travis Scott, 21 Savage, Metro Boomin",2022,12,2,0,195516622,88
Yonaguni,Bad Bunny,2021,6,4,28,1260594497,180
Super Freaky Girl,Nicki Minaj,2022,8,12,0,428685680,133
Running Up That Hill (A Deal With God),Kate Bush,1985,9,16,0,1024858327,108
Dream On,Aerosmith,1973,1,5,0,838586769,80
Limbo,Freddie Dredd,2022,8,11,0,199386237,75
Where Are You Now,"Lost Frequencies, Calum Scott",2021,7,30,44,972509632,121
WORTH NOTHING,"Twisted, Oliver Tree",2022,9,28,0,213438580,140
Bad Habits,Ed Sheeran,2020,9,3,8,1555511105,126
KICK BACK,Kenshi Yonezu,2022,10,12,4,210038833,102
Evergreen (You Didnï¿½ï¿½ï¿½t Deserve Me A,Omar Apollo,2022,4,8,0,227918678,82
Good Days,SZA,2020,12,24,2,826623384,121
Levitating (feat. DaBaby),"Dua Lipa, DaBaby",2020,3,27,8,1802514301,103
Woman,Doja Cat,2021,6,25,0,1329090101,108
Shut up My Moms Calling - (Sped Up),Hotel Ugly,2022,9,14,7,181831132,85
Ferrari,"James Hype, Miggy Dela Rosa",2022,3,14,28,462791599,125
"You're On Your Own, Kid",Taylor Swift,2022,10,21,2,348647203,120
"Kesariya (From ""Brahmastra"")","Pritam, Arijit Singh, Amitabh Bhattacharya",2022,7,17,6,366599607,94
Agudo Mï¿½ï¿½gi,"Styrx, utku INC, Thezth",1930,1,1,0,90598517,130
Payphone,"Maroon 5, Wiz Khalifa",2012,1,1,4,1479264469,110
All I Want for Christmas Is You,Mariah Carey,1994,10,28,0,1449779435,150
Last Christmas,Wham!,1984,1,1,0,1159176109,107
Rockin' Around The Christmas Tree,Brenda Lee,1958,1,1,0,769213520,140
Jingle Bell Rock,Bobby Helms,1957,1,1,0,741301563,119
It's Beginning To Look A Lot Like Christmas,Michael Bublï¿,2011,10,14,0,807561936,93
Santa Tell Me,Ariana Grande,2013,12,13,0,834129063,133
It's the Most Wonderful Time of the Year,Andy Williams,1963,10,14,0,663832097,202
Let It Snow! Let It Snow! Let It Snow!,Dean Martin,1959,11,16,0,446390129,134
Snowman,Sia,2017,1,1,0,690104769,105
Underneath the Tree,Kelly Clarkson,2013,10,25,0,485285717,160
Feliz Navidad,Josï¿½ï¿½ Felic,1970,11,1,0,520034544,148
Holly Jolly Christmas,Michael Bublï¿,2011,10,14,0,476244795,151
Mistletoe,Justin Bieber,2011,1,1,0,629173063,162
Sleigh Ride,The Ronettes,1963,11,22,0,404664135,92
Seek & Destroy,SZA,2022,12,9,0,98709329,152
Love Language,SZA,2022,12,9,0,110849052,65
Happy Xmas (War Is Over),"John Lennon, The Harlem Community Choir, The Plastic Ono Band, Yoko Ono",1971,12,1,0,460492795,147
Used (feat. Don Toliver),"SZA, Don Toliver",2022,12,8,0,94005786,150
A Holly Jolly Christmas - Single Version,Burl Ives,1952,1,1,0,395591396,140
The Christmas Song (Merry Christmas To You) - Remastered 1999,Nat King Cole,1946,11,1,0,389771964,139
Wonderful Christmastime - Edited Version / Remastered 2011,Paul McCartney,1979,11,16,0,403939487,95
Do They Know It's Christmas? - 1984 Version,Band Aid,1984,11,25,0,481697415,115
Ghost in the Machine (feat. Phoebe Bridgers),"SZA, Phoebe Bridgers",2022,12,9,0,110073250,125
Special,SZA,2022,12,9,0,88092256,76
Merry Christmas Everyone,Shakin' Stevens,1984,1,1,0,351636786,101
SOS,SZA,2022,12,9,0,73981293,119
Open Arms (feat. Travis Scott),"SZA, Travis Scott",2022,12,8,4,155653938,78
White Christmas,"Bing Crosby, John Scott Trotter & His Orchestra, Ken Darby Singers",1942,1,1,0,395591396,96
Driving Home for Christmas - 2019 Remaster,Chris Rea,1986,1,1,0,429504768,180
Christmas (Baby Please Come Home),Darlene Love,1963,11,22,0,242767149,126
Gone Girl,SZA,2022,12,9,0,65362788,150
F2F,SZA,2022,12,9,0,67540165,90
Notice Me,SZA,2022,12,9,0,62019074,160
Merry Christmas,"Ed Sheeran, Elton John",2017,11,10,0,135723538,114
It's Beginning to Look a Lot Like Christmas (with Mitchell Ayres & His Orchestra),"Perry Como, The Fontane Sisters, Mitchell Ayres & His Orchestra",1958,1,1,0,295998468,113
My Only Wish (This Year),Britney Spears,2000,11,7,0,261116938,147
Antidepresan,"Mabel Matiz, Mert Demir",2022,11,4,2,136689549,100
Wild Flower (with youjeen),RM,2022,12,2,2,135611421,155
I Hate U,SZA,2021,12,3,0,356709897,107
Raindrops (Insane) [with Travis Scott],"Travis Scott, Metro Boomin",2022,12,2,0,110649992,112
Deck The Hall - Remastered 1999,Nat King Cole,1959,1,1,0,127027715,107
Smoking on my Ex Pack,SZA,2022,12,9,0,57144458,81
Conceited,SZA,2022,12,9,0,56870689,150
Snow On The Beach (feat. Lana Del Rey),"Taylor Swift, Lana Del Rey",2022,10,21,0,323437194,110
Maroon,Taylor Swift,2022,10,21,0,317726339,108
Tubarï¿½ï¿½o Te,"Dj LK da Escï¿½ï¿½cia, Tchakabum, mc jhenny, M",2022,9,28,0,116144341,130
Bejeweled,Taylor Swift,2022,10,21,0,328207708,164
Tarot,"Bad Bunny, Jhay Cortez",2022,5,6,20,608228647,114
You Make It Feel Like Christmas (feat. Blake Shelton),"Gwen Stefani, Blake Shelton",2005,9,20,0,180577478,93
Desesperados,"Chencho Corleone, Rauw Alejandro",2021,6,25,34,809306935,90
Too Late,SZA,2022,12,8,0,49262961,128
Party,"Bad Bunny, Rauw Alejandro",2022,5,6,4,614555082,97
Run Rudolph Run - Single Version,Chuck Berry,1958,1,1,0,245350949,152
Jingle Bells - Remastered 1999,Frank Sinatra,1957,1,1,0,178660459,175
Far,SZA,2022,12,9,0,51641685,116
On Time (with John Legend),"John Legend, Metro Boomin",2022,12,2,0,78139948,80
GATï¿½ï¿½,"Maldy, Karol G",2022,8,25,13,322336177,93
ýýýabcdefu,Gayle,2021,8,13,0,1007612429,122
Sacrifice,The Weeknd,2022,1,7,0,326792833,122
Is There Someone Else?,The Weeknd,2022,1,7,6,391251368,135
Fingers Crossed,"Lauren Spencer Smith, Lauren Spencer Smith, Lauren Spencer Smith",2022,1,5,0,349585590,109
Out of Time,The Weeknd,2022,1,7,0,339659802,93
Do It To It,"Cherish, ACRAZE",2021,8,20,0,674772936,125
We Don't Talk About Bruno,"Adassa, Mauro Castillo, Stephanie Beatriz, Encanto - Cast, Rhenzy Feliz, Diane Guerrero, Carolina Gaitan",2021,11,19,0,432719968,206
Pepas,Farruko,2021,6,24,17,1309887447,130
How Do I Make You Love Me?,The Weeknd,2022,1,7,0,119238316,121
Gasoline,The Weeknd,2022,1,7,0,116903579,123
Infinity,Jaymes Young,2017,6,23,0,888046992,122
Less Than Zero,The Weeknd,2022,1,7,0,200660871,143
Take My Breath,The Weeknd,2021,8,6,0,130655803,121
good 4 u,Olivia Rodrigo,2021,5,14,6,1887039593,166
"Here We Goï¿½ï¿½ï¿½ Again (feat. Tyler, the Cr","The Weeknd, Tyler, The Creator",2022,1,7,0,88103848,135
Best Friends,The Weeknd,2022,1,7,0,101114984,87
Kiss Me More (feat. SZA),"SZA, Doja Cat",2021,4,9,0,1575467011,111
I Heard You're Married (feat. Lil Wayne),"The Weeknd, Lil Wayne",2022,1,7,0,91656026,110
Need To Know,Doja Cat,2021,6,11,0,1042568408,130
MONTERO (Call Me By Your Name),Lil Nas X,2020,9,18,0,1735441776,179
love nwantiti (ah ah ah),Ckay,2019,7,26,2,726837877,93
Dawn FM,The Weeknd,2022,1,7,0,53933526,78
Surface Pressure,Jessica Darrow,2021,11,19,0,267758538,180
Starry Eyes,The Weeknd,2022,1,7,0,74601456,86
THATS WHAT I WANT,Lil Nas X,2021,9,17,0,920797189,88
One Right Now (with The Weeknd),"The Weeknd, Post Malone",2021,11,5,0,539595276,97
Beggin,Mï¿½ï¿½ne,2017,12,8,0,1367810478,134
Mon Amour - Remix,"Aitana, zzoilo",2020,9,21,2,578207856,116
Lo Siento BB:/ (with Bad Bunny & Julieta Venegas),"Julieta Venegas, Bad Bunny, Tainy",2021,10,5,26,775542072,170
MONEY,Lisa,2021,9,10,13,863625566,140
The Motto,"Tiï¿½ï¿½sto, Ava",2021,11,4,6,656013912,118
Happier Than Ever,Billie Eilish,2021,7,30,0,1056760045,65
Moth To A Flame (with The Weeknd),"The Weeknd, Swedish House Mafia",2021,10,22,17,611994237,120
traitor,"Juan Cruz Toledo, Huilen Toledo",2021,5,21,6,1230855859,176
Toxic,BoyWithUke,2021,9,10,0,582981380,180
drivers license,Olivia Rodrigo,2021,1,8,3,1858144199,144
Malvadï¿½ï¿,"Xamï¿½ï¿½, Gustah, Neo B",2021,11,30,1,240684449,133
All Too Well (10 Minute Version) (Taylor's Version) (From The Vault),Taylor Swift,2021,11,12,5,583687007,93
Donï¿½ï¿½ï¿½t Break My,The Weeknd,2022,1,7,0,63803529,122
Oh My God,Adele,2021,11,19,0,466214729,88
Entre Nosotros (Remix) [con Nicki Nicole],"Lit Killah, Maria Becerra, Tiago pzk, NICKI NICOLE",2022,1,5,3,236940480,170
A Tale By Quincy,The Weeknd,2022,1,7,0,41924466,94
I AM WOMAN,Emmy Meli,2021,11,18,0,225259194,170
Medallo,"Justin Quiles, Lenny Tavï¿½ï¿½rez, BL",2021,10,27,2,393230256,90
It'll Be Okay,Shawn Mendes,2021,12,1,0,287201015,78
Softcore,The Neighbourhood,2018,3,9,12,599770206,94
Super Gremlin,Kodak Black,2021,10,30,0,342779426,73
Volvï¿,"Aventura, Bad Bunny",2021,8,3,10,673801126,176
Todo De Ti,Rauw Alejandro,2020,11,2,8,1168642797,128
Love Nwantiti - Remix,"Ckay, AX'EL, Dj Yo!",2019,8,30,0,540539717,120
Smokin Out The Window,"Bruno Mars, Anderson .Paak, Silk Sonic",2021,11,5,0,383550148,82
Meet Me At Our Spot,"THE ANXIETY, Willow, Tyler Cole",2020,3,13,0,530511203,95
Every Angel is Terrifying,The Weeknd,2022,1,7,0,37307967,118
Tacones Rojos,Sebastian Yatra,2021,10,22,9,510876816,123
Peaches (feat. Daniel Caesar & Giveon),"Justin Bieber, Daniel Caesar, Giveon",2021,3,19,0,1445941661,90
Dakiti,"Bad Bunny, Jhay Cortez",2020,10,30,21,1763363713,110
"Tiago PZK: Bzrp Music Sessions, Vol. 48","Bizarrap, Tiago pzk",2021,12,29,12,374191487,96
Lï¿½ï¿½ï¿,Stromae,2022,1,9,0,108809090,88
Nostï¿½ï¿½l,"Chris Brown, Rvssian, Rauw Alejandro",2021,9,8,2,436695353,98
Better Days (NEIKED x Mae Muller x Polo G),"NEIKED, Mae Muller, Polo G",2021,9,24,0,421040617,110
Life Goes On,Oliver Tree,2020,7,17,0,501541661,80
Sad Girlz Luv Money Remix (feat. Kali Uchis),"Kali Uchis, Amaarae, Moliy",2021,9,16,0,354065229,110
Butter,BTS,2021,5,21,6,1143647827,110
pushin P (feat. Young Thug),"Young Thug, Future, Gunna",2022,1,7,0,311395144,78
You Right,"Doja Cat, The Weeknd",2021,6,24,0,672656250,129
deja vu,Olivia Rodrigo,2021,4,1,4,1256880657,181
Dynamite,BTS,2020,8,21,5,1692897992,114
TO THE MOON,Jnr Choi,2021,11,5,0,245095641,144
Lost in the Fire,"The Weeknd, Gesaffelstein",2019,1,11,2,686734357,101
Salimo de Noche,"Trueno, Tiago pzk",2021,10,21,0,261414174,84
Volando - Remix,"Sech, Bad Bunny, Mora",2021,7,8,19,610045621,154
Leave The Door Open,"Bruno Mars, Anderson .Paak, Silk Sonic",2021,3,5,0,1115880852,148
Knife Talk (with 21 Savage ft. Project Pat),"Drake, Project Pat, 21 Savage",2021,9,3,0,594482982,146
Don't Be Shy,"Tiï¿½ï¿½sto, Kar",2021,8,1,0,566954746,120
LA FAMA (with The Weeknd),"The Weeknd, ROSALï¿½",2021,11,11,3,374706940,136
The Family Madrigal,"Olga Merediz, Stephanie Beatriz, Encanto - Cast",2021,11,19,0,184937148,141
Phantom Regret by Jim,The Weeknd,2022,1,7,0,31959571,108
Dos Oruguitas,Sebastian Yatra,2021,11,19,0,167076418,94
Freaks,Surf Curse,2015,5,10,3,824420218,180
Acapulco,Jason Derulo,2021,9,1,0,363467642,122
Daddy Issues,The Neighbourhood,2015,10,30,4,1127468248,85
thought i was playing,"21 Savage, Gunna",2022,1,7,0,60680939,148
ELEVEN,IVE,2021,12,1,1,247737946,120
Mood (feat. Iann Dior),"24kgoldn, Iann Dior",2020,7,24,0,1699402402,91
What Else Can I Do?,"Stephanie Beatriz, Diane Guerrero",2021,11,19,0,154797871,120
DANCE CRIP,Trueno,2021,11,17,0,198883004,106
Miserable Man,David Kushner,2022,1,7,0,124407432,110
happier,Olivia Rodrigo,2021,5,21,4,850608354,169
Praise God,Kanye West,2021,8,29,0,376333030,118
Get Into It (Yuh),Doja Cat,2021,6,25,0,516784627,92
Before You Go,Lewis Capaldi,2019,11,1,24,1608045237,112
Sky,Playboi Carti,2020,12,25,3,506778838,140
Rolling in the Deep,Adele,2010,11,29,6,1472799873,105
Sobrio,Maluma,2021,7,8,10,513643924,178
Peru,"Ed Sheeran, Fireboy DML",2021,12,23,0,261286503,108
favorite crime,Olivia Rodrigo,2021,5,21,0,783706581,173
Thunder,"Prezioso, Gabry Ponte, LUM!X",2021,5,7,10,422691058,101
The Business,Tiï¿½ï¿,2020,1,1,0,1062345656,120
positions,Ariana Grande,2020,10,23,0,1252563873,144
I WANNA BE YOUR SLAVE,Mï¿½ï¿½ne,2021,3,19,0,851070493,133
Vai Lï¿½ï¿½ Em Casa ,"Marï¿½ï¿½lia Mendonï¿½ï¿½a, George Henrique &",2021,10,22,0,263894529,158
The Feels,TWICE,2021,10,1,0,345903614,120
HEARTBREAK ANNIVERSARY,Giveon,2020,2,21,4,951637566,129
No Lie,"Sean Paul, Dua Lipa",2016,11,18,0,956865266,102
OUT OUT (feat. Charli XCX & Saweetie),"Charli XCX, Jax Jones, Joel Corry, Saweetie",2021,8,13,0,427486004,124
Pope Is a Rockstar,SALES,2016,4,20,0,156658366,90
2055,Sleepy hallow,2021,4,14,0,624515457,161
Bored,Billie Eilish,2017,3,30,0,777765388,120
Happier Than Ever - Edit,Billie Eilish,2021,7,28,0,412795151,81
Astronaut In The Ocean,Masked Wolf,2019,1,1,0,1138474110,150
Ley Seca,"Anuel Aa, Jhay Cortez",2021,9,2,0,355219175,105
Every Summertime,NIKI,2021,8,10,2,290228626,79
Talking To The Moon,Bruno Mars,2010,10,4,2,1062956628,146
you broke me first,Tate McRae,2020,4,17,0,1180094974,124
The Nights,Avicii,2014,1,1,8,1456081449,126
Way 2 Sexy (with Future & Young Thug),"Drake, Future, Young Thug",2021,9,3,0,489945871,136
Cï¿½ï¿½,Rauw Alejandro,2021,6,25,3,465959382,102
Enemy - from the series Arcane League of Legends,"Imagine Dragons, League of Legends, Arcane",2021,10,27,0,1223481149,77
Dance Monkey,Tones and I,2019,5,10,0,2864791672,98
Lucid Dreams,Juice WRLD,2017,6,15,0,2288695111,84
Quï¿½ï¿½ Mï¿½ï¿,"J Balvin, Maria Becerra",2021,1,28,0,720825549,102
All of Me,John Legend,2013,8,1,0,2086124197,120
Smells Like Teen Spirit - Remastered 2021,Nirvana,1991,9,10,9,1690192927,117
Arcade,Duncan Laurence,2019,3,7,0,991336132,72
Fair Trade (with Travis Scott),"Drake, Travis Scott",2021,9,3,6,593917618,168
Bar,"Tini, L-Gante",2021,11,11,4,200972675,94
The Rumbling (TV Size),SiM,2022,1,10,0,71014967,145
family ties (with Kendrick Lamar),"Kendrick Lamar, Baby Keem",2021,8,27,5,560222750,134
Mr. Brightside,The Killers,2003,9,23,15,1806617704,148
Blessed-Cursed,ENHYPEN,2022,1,10,0,77337771,127
AM Remix,"J Balvin, Nio Garcia, Bad Bunny",2021,6,24,0,528544703,172
Streets,Doja Cat,2019,11,7,0,865640097,90
Shallow,"Lady Gaga, Bradley Cooper",2018,9,27,12,2159346687,96
Polaroid Love,ENHYPEN,2022,1,10,0,211372494,138
Leave Before You Love Me (with Jonas Brothers),"Marshmello, Jonas Brothers",2021,4,28,4,651732901,120
Permission to Dance,BTS,2021,7,9,2,608334048,125
Friday (feat. Mufasa & Hypeman) - Dopamine Re-Edit,"Riton, Nightcrawlers, Mufasa & Hypeman, Dopamine",2021,1,15,0,863756573,123
RAPSTAR,Polo G,2021,4,9,0,797402345,81
'Till I Collapse,"Eminem, Nate Dogg",2002,5,26,0,1695712020,171
Memories,Maroon 5,2019,9,20,2,1759567999,91
Se Le Ve,"Arcangel, De La Ghetto, Justin Quiles, Lenny Tavï¿½ï¿½rez, Sech, Dalex, Dimelo Flow, Rich Music",2021,8,12,0,223319934,84
25k jacket (feat. Lil Baby),"Gunna, Lil Baby",2022,1,7,0,54937991,115
When Iï¿½ï¿½ï¿½m Gone (with Katy ,"Katy Perry, Alesso",2021,12,29,0,226897599,125
Esqueï¿½ï¿½a-Me Se For C,"Marï¿½ï¿½lia Mendonï¿½ï¿½a, Maiara &",2021,10,14,0,258316038,122
Miï¿½ï¿½n,"Tini, Maria Becerra",2021,4,29,16,596152090,92
Sï¿½ï¿½,"Anuel Aa, Myke Towers, Jhay Cortez",2021,11,18,0,177129919,90
MAMIII,"Karol G, Becky G",2022,2,10,28,716591492,94
Still D.R.E.,"Dr. Dre, Snoop Dogg",1999,1,1,0,1210599487,93
Stay Alive (Prod. SUGA of BTS),Jung Kook,2022,2,11,5,246376690,130
Boyfriend,Dove Cameron,2022,2,11,0,496311364,180
The Joker And The Queen (feat. Taylor Swift),"Ed Sheeran, Taylor Swift",2022,2,11,0,146789379,134
The Next Episode,"Dr. Dre, Snoop Dogg",1999,1,1,0,843309044,95
Light Switch,Charlie Puth,2022,1,19,0,500340342,184
City of Gods,"Kanye West, Alicia Keys, Fivio Foreign",2022,2,11,0,107255472,147
Brividi,"Mahmood, Blanco",2022,2,2,0,135079152,123
Lost,Frank Ocean,2012,1,1,11,822239726,123
In Da Club,50 Cent,2002,1,1,7,1202722675,90
she's all i wanna be,Tate McRae,2022,2,4,0,343197054,160
Ginseng Strip 2002,Yung Lean,2013,8,16,0,240769997,115
All For Us - from the HBO Original Series Euphoria,"Labrinth, Zendaya",2019,8,4,0,426204830,141
Notion,The Rare Occasions,2016,8,5,0,421135627,160
Formula,Labrinth,2019,10,4,7,554875730,145
Mount Everest,Labrinth,2019,6,21,0,467727006,89
Excuses,"Intense, AP Dhillon, Gurinder Gill",2020,7,24,4,327498031,95
Cigarettes,Juice WRLD,2021,12,10,0,185408548,160
"Cayï¿½ï¿½ La Noche (feat. Cruz Cafunï¿½ï¿½, Abhir Hathi, Bejo, EL IMA)","Quevedo, La Pantera, Juseph, Cruz Cafunï¿½ï¿½, Bï¿½ï¿½jo, Abhir Hathi",2022,1,14,1,245400167,174
California Love - Original Version (Explicit),"Dr. Dre, 2Pac, Roger",1995,12,28,0,579395142,92
Forgot About Dre,"Eminem, Dr. Dre",1999,1,1,0,675039469,134
Down Under (feat. Colin Hay),"Luude, Colin Hay",2021,11,19,2,252871192,172
Mujeriego,Ryan Castro,2021,12,17,0,231996128,80
HUMBLE.,Kendrick Lamar,2017,3,30,1,1929770265,150
Stan,"Eminem, Dido",1999,11,21,0,918915401,80
Contection,"GODZZ__-, Zakaria",2020,1,16,0,1180896317,166
Swim,Chase Atlantic,2017,10,4,0,498960285,120
A Tu Merced,Bad Bunny,2020,2,29,11,685071800,92
Numb Little Bug,Em Beihold,2022,1,28,0,258714692,85
212,"Mainstreet, Chefin",2022,1,15,0,143139338,154
Problemï¿½,"Alvaro Diaz, Rauw Alejandro",2021,10,22,0,209768491,92
Bussin,"Nicki Minaj, Lil Baby",2022,2,11,0,64714573,140
Worst Day,Future,2022,2,11,0,50746620,89
Malvada,Zï¿½ï¿½ Fe,2022,1,28,0,154119539,135
Hrs and Hrs,Muni Long,2021,11,19,0,181328253,140
Alien Blues,Vundabar,2015,7,24,0,370068639,82
Thinking Out Loud,Ed Sheeran,2014,1,1,0,2280566092,79
Still Don't Know My Name,Labrinth,2019,10,4,0,563902868,88
Christmas Tree,V,2021,12,24,9,317622165,139
Mal Feito - Ao Vivo,"Marï¿½ï¿½lia Mendonï¿½ï¿½a, Hugo & G",2022,1,14,2,291709698,124
When I R.I.P.,Labrinth,2019,10,4,0,203680270,80
Do We Have A Problem?,"Nicki Minaj, Lil Baby",2022,2,4,0,81350745,120
Forever,Labrinth,2019,10,4,0,282883169,80
Gospel (with Eminem),"Eminem, Dr. Dre",2022,2,4,0,64787943,117
Seï¿½ï¿½o,"Shawn Mendes, Camila Cabello",2019,6,19,2,2484812918,117
NEW MAGIC WAND,"Tyler, The Creator",2019,5,16,0,461437791,140
Adore You,Harry Styles,2019,12,6,1,1439191367,99
La Santa,"Daddy Yankee, Bad Bunny",2020,2,29,20,759208783,93
Something In The Way - Remastered 2021,Nirvana,1991,9,24,0,368646862,106
Sweetest Pie,"Dua Lipa, Megan Thee Stallion",2022,3,11,0,299634472,124
Bam Bam (feat. Ed Sheeran),"Camila Cabello, Ed Sheeran",2022,3,4,4,756907987,95
Una Noche en Medellï¿½,Cris Mj,2022,1,21,32,682475162,96
Envolver,Anitta,2021,11,11,2,546191065,92
Starlight,Dave,2022,3,3,3,229473310,124
Hati-Hati di Jalan,Tulus,2022,3,3,2,202677468,72
"I'm Tired - From ""Euphoria"" An Original HBO Series",Labrinth,2022,2,4,0,121913181,71
DANï¿½ï¿½A,"Mc Pedrinho, Pedro Sampaio",2022,2,1,2,208166039,135
Yo Voy (feat. Daddy Yankee),Zion & Lennox,2004,5,4,2,527033089,95
"Residente: Bzrp Music Sessions, Vol. 49","Residente, Bizarrap",2022,3,3,0,94616487,71
Jordan,Ryan Castro,2021,4,30,2,394030335,180
Nail Tech,Jack Harlow,2022,2,18,0,193443895,150
Chale,Eden Muï¿½ï,2022,2,18,11,299648208,189
DARARI,Treasure,2022,2,15,0,182978249,85
Ya No Somos Ni Seremos,Christian Nodal,2022,2,18,16,319757142,140
Thinking with My Dick,"Kevin Gates, Juicy J",2013,7,16,0,109091573,81
Freaky Deaky,"Tyga, Doja Cat",2022,2,25,0,153240879,104
this is what falling in love feels like,JVKE,2021,9,3,0,346127840,129
La Zona,Bad Bunny,2020,2,29,0,312622938,94
Bohemian Rhapsody - Remastered 2011,Queen,1975,10,31,3,2197010679,71
Hope,XXXTENTACION,2018,3,16,0,1200808494,146
Levitating,Dua Lipa,2020,3,27,0,797196073,103
Wake Me Up - Radio Edit,Avicii,2013,1,1,34,1970673297,124
"jealousy, jealousy",Olivia Rodrigo,2021,5,21,0,665765558,164
Monï¿½ï¿½y so,YEAT,2021,9,10,0,263779030,138
Demasiadas Mujeres,C. Tangana,2020,10,8,0,339473453,126
Something Just Like This,"The Chainsmokers, Coldplay",2017,2,22,21,2204080728,103
Closer,"The Chainsmokers, Halsey",2016,5,31,0,2591224264,95
O.O,NMIXX,2022,2,22,0,135444283,200
Somebody That I Used To Know,"Gotye, Kimbra",2011,1,1,0,1457139296,129
Tom's Diner,"AnnenMayKantereit, Giant Rooks",2019,6,28,0,236872197,98
First Class,Jack Harlow,2022,4,8,0,694525298,107
Plan A,Paulo Londra,2022,3,23,0,240661097,174
Fuera del mercado,Danny Ocean,2022,2,17,21,421365166,92
X ï¿½ï¿½LTIMA,"Daddy Yankee, Bad Bunny",2022,3,25,1,349746291,90
When You're Gone,Shawn Mendes,2022,3,31,0,255120451,147
In My Head,Lil Tjay,2022,4,1,0,190981339,143
Wait a Minute!,Willow,2015,1,11,0,924193303,101
LOVE DIVE,IVE,2022,4,5,8,305771063,118
Pantysito,"Feid, Alejo, Robi",2022,3,18,0,273005485,98
Chance,Paulo Londra,2022,4,6,0,89566512,138
Cool for the Summer,Demi Lovato,2015,1,1,0,677389855,114
psychofreak (feat. WILLOW),"Camila Cabello, Willow",2022,4,7,0,75476209,180
Angel Baby,Troye Sivan,2021,9,9,9,408843328,145
Vampiro,"Matuï¿½ï¿½, Wiu, ",2022,1,30,4,187772591,115
Si Quieren Frontear,"De La Ghetto, Duki, Quevedo",2022,3,31,0,178512385,82
Right On,Lil Baby,2022,4,8,0,101780047,166
Me Arrepentï¿,"Ak4:20, Cris Mj, Pailita",2022,3,30,2,118381354,92
That's Hilarious,Charlie Puth,2022,4,8,2,146363130,108
Soy El Unico,Yahritza Y Su Esencia,2022,3,25,0,126443991,84
RUMBATï¿½,Daddy Yankee,2022,3,25,0,157990698,95
sentaDONA (Remix) s2,"Luï¿½ï¿½sa Sonza, MC Frog, Dj Gabriel do Borel, Davi K",2022,3,17,0,176290831,135
Falling,Harry Styles,2019,12,13,0,1023187129,110
Sigue,"Ed Sheeran, J Balvin",1996,11,24,0,106933107,88
Fim de Semana no Rio,teto,2022,3,30,2,139193812,119
MANIAC,Stray Kids,2022,3,18,0,212234990,120
There's Nothing Holdin' Me Back,Shawn Mendes,2016,9,23,0,1714490998,122
IDGAF (with blackbear),"Blackbear, BoyWithUke",2022,3,18,0,197643795,98
Golden,Harry Styles,2019,12,13,1,807015863,140
Get Lucky - Radio Edit,"Pharrell Williams, Nile Rodgers, Daft Punk",2013,1,1,0,933815613,116
Ain't Shit,Doja Cat,2021,6,25,0,499710590,124
"Nobody Like U - From ""Turning Red""","Jordan Fisher, Josh Levi, Finneas O'Connell, 4*TOWN (From Disney and Pixarï¿½ï¿½ï¿½s Turning Red), Topher Ngo, Grayson Vill",2022,2,25,0,120847157,105
Still Life,BIGBANG,2022,4,5,0,53909146,118
Photograph,Ed Sheeran,2014,6,20,3,2236667932,108
Love Yourself,Justin Bieber,2015,11,9,5,2123309722,100
N95,Kendrick Lamar,2022,5,13,0,301242089,140
Die Hard,"Kendrick Lamar, Blxst, Amanda Reifer",2022,5,13,0,237351106,101
Despuï¿½ï¿½s de la P,Bad Bunny,2022,5,6,0,461558540,78
Un Ratito,Bad Bunny,2022,5,6,6,417230415,93
United In Grief,Kendrick Lamar,2022,5,13,0,156898322,87
Father Time (feat. Sampha),"Kendrick Lamar, Sampha",2022,5,13,0,127309180,153
Yo No Soy Celoso,Bad Bunny,2022,5,6,0,313113297,142
Rich Spirit,Kendrick Lamar,2022,5,13,0,173702135,96
Cooped Up (with Roddy Ricch),"Post Malone, Roddy Ricch",2022,5,12,0,271666301,125
Me Fui de Vacaciones,Bad Bunny,2022,5,6,0,305650299,85
Silent Hill,"Kendrick Lamar, Kodak Black",2022,5,13,0,123216717,140
La Corriente,"Tony Dize, Bad Bunny",2022,5,6,8,479655659,196
Count Me Out,Kendrick Lamar,2022,5,13,0,126191104,134
Andrea,"Buscabulla, Bad Bunny",2022,5,6,0,344055883,103
Dos Mil 16,Bad Bunny,2022,5,6,3,338422004,130
We Cry Together,"Kendrick Lamar, Taylour Paige",2022,5,13,0,68895644,108
Savior,"Kendrick Lamar, Sam Dew, Baby Keem",2022,5,13,0,86176890,123
Un Coco,Bad Bunny,2022,5,6,28,403231558,152
Otro Atardecer,"Bad Bunny, The Marï¿½ï",2022,5,6,7,319546754,108
Worldwide Steppers,Kendrick Lamar,2022,5,13,0,61739839,72
Aguacero,Bad Bunny,2022,5,6,0,283359161,121
Purple Hearts,"Kendrick Lamar, Ghostface Killah, Summer Walker",2022,5,13,0,76831876,138
Un Verano Sin Ti,Bad Bunny,2022,5,6,1,283332261,188
ULTRA SOLO,"Polima WestCoast, Pailita",2022,2,14,0,307752576,110
Ensï¿½ï¿½ï¿½ï¿½ame ,Bad Bunny,2022,5,6,3,279737940,105
El Apagï¿½,Bad Bunny,2022,5,6,0,212351890,118
Callaita,"Bad Bunny, Tainy",2019,5,31,15,1304313953,176
Dua Lipa,Jack Harlow,2022,5,6,0,150500965,158
Agosto,Bad Bunny,2022,5,6,0,246127838,115
House Of Memories,Panic! At The Disco,2016,1,15,0,582863434,110
Mr. Morale,"Kendrick Lamar, Tanna Leone",2022,5,13,0,58687425,174
That That (prod. & feat. SUGA of BTS),"PSY, Suga",2022,4,29,0,212109195,130
In The Stars,Benson Boone,2022,4,29,8,382199619,78
Rich - Interlude,Kendrick Lamar,2022,5,13,0,41210087,104
SUPERMODEL,Mï¿½ï¿½ne,2022,5,13,0,231657891,121
Stefania (Kalush Orchestra),KALUSH,2022,3,10,0,53729194,105
Thousand Miles,The Kid Laroi,2022,4,22,0,244741137,81
Crown,Kendrick Lamar,2022,5,13,0,42485571,170
Auntie Diaries,Kendrick Lamar,2022,5,13,0,37778188,78
PUFFIN ON ZOOTIEZ,Future,2022,4,29,0,254218729,125
Mirror,Kendrick Lamar,2022,5,13,0,53603447,92
Beautiful Girl,Luciano,2022,4,22,4,160035717,140
"Paulo Londra: Bzrp Music Sessions, Vol. 23","Bizarrap, Paulo Londra",2022,4,25,0,164163229,96
Savior - Interlude,Kendrick Lamar,2022,5,13,0,37091576,118
Pasoori,"Shae Gill, Ali Sethi",2022,2,6,6,284249832,92
Mother I Sober (feat. Beth Gibbons of Portishead),"Kendrick Lamar, Beth Gibbons",2022,5,13,0,33381454,140
TUS Lï¿½ï¿½GR,"Sech, Mora",2022,4,1,2,184622518,174
Where Did You Go?,"MNEK, Jax Jones",2022,1,26,0,300983101,127
I Tried to Tell Y'all,"Ugly Dray, Tesla Jnr",2022,5,6,0,121077868,96
Honest (feat. Don Toliver),"Justin Bieber, Don Toliver",2022,4,29,0,106919680,150
ZOOM,Jessi,2022,4,13,0,136996305,100
SloMo,Chanel,2021,12,24,0,65719930,105
FEARLESS,LE SSERAFIM,2022,5,2,0,229497852,104
10 Things I Hate About You,Leah Kate,2022,3,23,0,185550869,154
SPACE MAN,Sam Ryder,2022,2,22,0,54682594,80
With you,"HA SUNG WOON, Jimin",2022,4,24,2,240580042,150
Iris,The Goo Goo Dolls,1998,3,31,9,1284942608,156
The Heart Part 5,Kendrick Lamar,2022,5,8,0,71423324,98
San Lucas,Kevin Kaarl,2019,11,7,1,244891912,92
This Love (Taylorï¿½ï¿½ï¿½s Ve,Taylor Swift,2022,5,6,0,132171975,144
Good Looking,Suki Waterhouse,2017,10,20,0,184706613,150
Yet To Come,BTS,2022,6,10,0,302006641,172
Run BTS,BTS,2022,6,10,0,330881149,77
Music For a Sushi Restaurant,Harry Styles,2022,5,20,1,334733572,107
Matilda,Harry Styles,2022,5,20,3,366214458,114
For Youth,BTS,2022,6,10,0,114546317,117
Vegas (From the Original Motion Picture Soundtrack ELVIS),Doja Cat,2022,5,6,0,448500832,160
Cash In Cash Out,"Pharrell Williams, Tyler, The Creator, 21 Savage",2022,6,10,0,136676504,120
Potion (with Dua Lipa & Young Thug),"Calvin Harris, Dua Lipa, Young Thug",2022,5,27,0,190625045,100
Born Singer,BTS,2022,6,10,0,79095270,158
Little Freak,Harry Styles,2022,5,20,0,273194684,142
La Llevo Al Cielo (Ft. ï¿½ï¿½engo F,"Nengo Flow, Anuel Aa, Chris Jedi, Chencho Corleone",2022,5,20,3,333146475,170
True Love,"Kanye West, XXXTENTACION",2022,5,27,0,194902696,84
Satellite,Harry Styles,2022,5,20,5,311482393,139
Pass The Dutchie,Musical Youth,1982,1,1,0,195918494,151
"Villano Antillano: Bzrp Music Sessions, Vol. 51","Bizarrap, Villano Antillano",2022,6,8,0,248511839,128
Love Of My Life,Harry Styles,2022,5,20,0,233671263,118
Grapejuice,Harry Styles,2022,5,20,0,199587884,183
So Good,Halsey,2022,6,9,0,91781263,83
Belly Dancer,"BYOR, Imanbek",2022,2,18,13,383835984,122
Keep Driving,Harry Styles,2022,5,20,1,236060709,165
Cinema,Harry Styles,2022,5,20,0,189236868,106
Die Young (feat. 347aidan),"Sleepy hallow, 347aidan",2022,5,25,0,160845341,77
Only Love Can Hurt Like This,Paloma Faith,2014,1,1,0,588955257,91
Hold My Hand,Lady Gaga,2022,5,3,0,238350348,148
Daydreaming,Harry Styles,2022,5,20,1,187703102,114
Nos Comemos (feat. Ozuna),"Ozuna, Tiago pzk",2022,6,2,0,138334433,92
Me and Your Mama,Childish Gambino,2016,11,10,0,445590495,118
Crazy What Love Can Do,"David Guetta, Ella Henderson, Becky Hill",2022,3,18,0,286739476,123
SLOW DANCING IN THE DARK,Joji,2018,9,12,0,1122364376,89
Antes de Perderte,Duki,2022,6,2,8,157136970,110
Boyfriends,Harry Styles,2022,5,20,0,137070925,118
295,Sidhu Moose Wala,2021,5,15,4,183273246,90
Tak Ingin Usai,Keisya Levronka,2022,5,13,4,184807630,130
En El Radio Un Cochinero,Victor Cibrian,2022,5,13,0,164856284,154
Master of Puppets (Remastered),Metallica,1986,3,3,0,704171068,105
BREAK MY SOUL,Beyoncï¿,2022,6,21,0,354614964,115
ULTRA SOLO REMIX,"De La Ghetto, Feid, Polima WestCoast, Paloma Mami, Pailita",2022,6,16,0,279717388,110
Massive,Drake,2022,6,17,0,195628667,125
Betty (Get Money),Yung Gravy,2022,6,10,0,221752937,102
Ojos Marrones,Lasso,2022,2,6,11,263280370,120
POP!,Nayeon,2022,6,24,0,213505179,97
Layla,"Schï¿½ï¿½rze, DJ R",2022,3,24,3,130419412,140
MORE,j-hope,2022,7,1,0,155795783,97
Sweet Child O' Mine,Guns N' Roses,1987,1,1,1,1553497987,125
Last Last,Burna Boy,2022,5,12,12,293466523,88
Sticky,Drake,2022,6,17,0,191448892,137
Hot Shit (feat. Ye & Lil Durk),"Kanye West, Lil Durk, Cardi B",2022,7,1,0,85924992,157
Ai Preto,"L7nnon, DJ Biel do Furduncinho, Bianca",2022,6,3,4,176103902,130
La Loto,"Anitta, Tini, Becky G",2022,7,6,0,121189256,90
die first,Nessa Barrett,2022,6,24,0,131746175,183
Afraid To Feel,LF System,2022,5,2,5,244790012,128
Baile no Morro,"Mc Vitin Da Igrejinha, MC Tairon, DJ Win",2022,6,10,2,129314708,130
cï¿½ï¿½mo dormi,Rels B,2022,8,4,35,331511413,126
Bad Decisions (with BTS & Snoop Dogg),"Snoop Dogg, BTS, Benny Blanco",2022,8,5,0,219196651,120
STAYING ALIVE (feat. Drake & Lil Baby),"Drake, DJ Khaled, Lil Baby",2022,8,5,0,170732845,130
Caile,Luar La L,2020,12,18,2,273914335,122
Si Te La Encuentras Por Ahï¿,Feid,2022,8,5,4,179061440,172
GIVENCHY,Duki,2022,7,20,4,185236961,103
ALIEN SUPERSTAR,Beyoncï¿,2022,7,29,0,171788484,122
Mary On A Cross,Ghost,2019,9,13,2,387080183,130
Attention,NewJeans,2022,8,1,12,264717480,105
THE SHADE,Rex Orange County,2022,3,11,6,244928911,120
"Come Back Home - From ""Purple Hearts""",Sofia Carson,2022,7,12,0,97610446,145
El Rescate,"Grupo Marca Registrada, Junior H",2022,7,22,4,287278853,99
Heartless,Kanye West,2008,1,1,34,887906111,88
"Stay With Me (with Justin Timberlake, Halsey, & Pharrell)","Calvin Harris, Halsey, Pharrell Williams, Justin Timberlake",2022,7,15,0,123473120,126
Siempre Pendientes,"Peso Pluma, Luis R Conriquez",2022,8,15,5,295152154,136
JGL,"Luis R Conriquez, La Adictiva",2022,2,18,9,323455692,113
Don't You Worry,"David Guetta, Shakira, Black Eyed Peas",2022,6,16,0,240918092,132
Pipoco,"Melody, Ana Castela, Dj Chris No Beat",2022,5,20,4,191873381,135
Hold Me Closer,"Elton John, Britney Spears",2017,11,10,0,284216603,126
Forget Me,Lewis Capaldi,2022,9,9,4,239411309,102
After LIKE,IVE,2022,8,22,12,265548837,125
Bound 2,Kanye West,2013,1,1,7,703301727,149
B.O.T.A. (Baddest Of Them All) - Edit,"Interplanetary Criminal, Eliza Rose",2022,6,15,6,244585109,137
Talk that Talk,TWICE,2022,8,26,0,189476119,120
BILLIE EILISH.,Armani White,2022,1,20,0,277132266,100
Ferxxo 100,Feid,2022,6,3,30,278920007,164
KU LO SA - A COLORS SHOW,Oxlade,2022,6,10,8,222410722,93
Prohibidox,Feid,2022,9,13,12,185392587,180
Static,Steve Lacy,2022,7,15,0,202452860,79
The Scientist,Coldplay,2002,8,5,6,1608164312,146
Sparks,Coldplay,2000,7,10,4,624101957,103
Talk,YEAT,2022,9,2,0,148461629,140
XQ Te Pones Asï¿,"Yandel, Feid",2022,9,13,0,47093942,92
Selfish,PnB Rock,2016,6,23,0,380319238,102
Sin Seï¿½ï,"Ovy On The Drums, Quevedo",2022,7,22,2,209106362,118
Lady Mi Amor,Feid,2022,9,13,0,53987404,93
Poland,Lil Yachty,2022,6,23,0,115331792,150
THE LONELIEST,Mï¿½ï¿½ne,2022,10,7,5,225093344,130
Bye Bye,"Marshmello, Juice WRLD",2022,10,14,0,84697729,83
BABY OTAKU,"Fran C, Polima WestCoast, Nickoog Clk, Pablito Pesadilla",2022,8,18,0,159240673,102
Nxde,(G)I-DLE,2022,10,17,6,170709584,136
we fell in love in october,girl in red,2018,11,21,0,723043854,130
2 Be Loved (Am I Ready),Lizzo,2022,7,14,6,247689123,156
Celestial,Ed Sheeran,2022,9,29,0,176474912,123
Typa Girl,BLACKPINK,2022,9,16,10,235549288,132
I Really Want to Stay at Your House,"Rosa Walton, Hallie Coggins",2020,12,18,1,140430339,125
California Breeze,Lil Baby,2022,10,14,0,85559365,162
Bamba (feat. Aitch & BIA),"Luciano, Aitch, Bï¿½",2022,9,22,7,146223492,138
Casei Com a Putaria,"MC Ryan SP, Love Funk, Mc Paiva ZS",2022,7,1,4,187701588,161
Major Distribution,"Drake, 21 Savage",2022,11,4,0,154863153,131
Pussy & Millions (feat. Travis Scott),"Drake, Travis Scott, 21 Savage",2022,11,4,0,191333656,122
Vigilante Shit,Taylor Swift,2022,10,21,0,253650850,80
Question...?,Taylor Swift,2022,10,21,0,223064273,109
On BS,"Drake, 21 Savage",2022,11,4,0,170413877,158
Mastermind,Taylor Swift,2022,10,21,0,218320587,126
Circo Loco,"Drake, 21 Savage",2022,11,4,0,141720999,104
Labyrinth,Taylor Swift,2022,10,21,0,187339835,110
Spin Bout U,"Drake, 21 Savage",2022,11,4,2,198365537,130
Sweet Nothing,Taylor Swift,2022,10,21,0,186104310,177
"Would've, Could've, Should've",Taylor Swift,2022,10,21,0,177503916,158
Con La Brisa,"Ludwig Goransson, Foudeqush",2022,11,4,0,71095708,114
Privileged Rappers,"Drake, 21 Savage",2022,11,4,0,112436403,144
The Astronaut,Jin,2022,10,28,9,203436468,125
BackOutsideBoyz,Drake,2022,11,4,0,93367537,142
Broke Boys,"Drake, 21 Savage",2022,11,4,0,106249219,120
The Great War,Taylor Swift,2022,10,21,0,181382590,96
My Mind & Me,Selena Gomez,2022,11,3,0,91473363,144
Bigger Than The Whole Sky,Taylor Swift,2022,10,21,0,121871870,166
A Veces (feat. Feid),"Feid, Paulo Londra",2022,11,3,0,73513683,92
En La De Ella,"Feid, Sech, Jhayco",2022,10,20,0,133895612,97
Alone,Burna Boy,2022,11,4,2,96007391,90
